URL_ID,URL,POSITIVE SCORE,NEGATIVE SCORE,POLARITY SCORE,SUBJECTIVITY SCORE,AVG SENTENCE LENGTH,PERCENTAGE OF COMPLEX WORDS,FOG INDEX,AVG NUMBER OF WORDS PER SENTENCE,COMPLEX WORD COUNT,WORD COUNT,SYLLABLE PER WORD,PERSONAL PRONOUNS,AVG WORD LENGTH
Netclan20241017,https://insights.blackcoffer.com/ai-and-ml-based-youtube-analytics-and-content-creation-tool-for-optimizing-subscriber-engagement-and-content-strategy/,5,0,0.99999980000004,0.05208333279079862,15.999997333333777,0.4479166620008681,6.579165598133859,15.999997333333777,43,96,2.4687499742838543,0,8.177083248155384
Netclan20241018,https://insights.blackcoffer.com/enhancing-front-end-features-and-functionality-for-improved-user-experience-and-dashboard-accuracy-in-partner-hospital-application/,8,7,0.06666666222222252,0.042613636242574894,9.777777506172848,0.3352272717749225,4.045201911179109,9.777777506172848,118,352,2.2670454481049847,6,7.218749979492188
Netclan20241019,https://insights.blackcoffer.com/roas-dashboard-for-campaign-wise-google-ads-budget-tracking-using-google-ads-ap/,10,2,0.6666666111111158,0.09022556323138674,16.624997921875263,0.3308270651817514,6.782329994822806,16.624997921875263,44,133,2.2631578777206176,0,7.571428514500537
Netclan20241020,https://insights.blackcoffer.com/efficient-processing-and-analysis-of-financial-data-from-pdf-files-addressing-formatting-inconsistencies-and-ensuring-data-integrity-for-a-toyota-dealership-management-firm/,22,10,0.3749999882812504,0.0932944603694039,12.703703233196176,0.5072886282586337,5.284396744581924,12.703703233196176,174,343,2.6501457648683795,3,8.157434378549754
Netclan20241021,https://insights.blackcoffer.com/development-of-ea-robot-for-automated-trading/,2,0,0.99999950000025,0.019801980001960595,11.222220975308781,0.3960396000392119,4.647304230139198,11.222220975308781,40,101,2.435643540241153,1,7.633663290755809
Netclan20241022,https://insights.blackcoffer.com/ai-and-ml-based-youtube-analytics-and-content-creation-tool-for-optimizing-subscriber-engagement-and-content-strategy/,5,0,0.99999980000004,0.05208333279079862,15.999997333333777,0.4479166620008681,6.579165598133859,15.999997333333777,43,96,2.4687499742838543,0,8.177083248155384
Netclan20241023,https://insights.blackcoffer.com/enhancing-front-end-features-and-functionality-for-improved-user-experience-and-dashboard-accuracy-in-partner-hospital-application/,8,7,0.06666666222222252,0.042613636242574894,9.777777506172848,0.3352272717749225,4.045201911179109,9.777777506172848,118,352,2.2670454481049847,6,7.218749979492188
Netclan20241024,https://insights.blackcoffer.com/roas-dashboard-for-campaign-wise-google-ads-budget-tracking-using-google-ads-ap/,10,2,0.6666666111111158,0.09022556323138674,16.624997921875263,0.3308270651817514,6.782329994822806,16.624997921875263,44,133,2.2631578777206176,0,7.571428514500537
Netclan20241025,https://insights.blackcoffer.com/efficient-processing-and-analysis-of-financial-data-from-pdf-files-addressing-formatting-inconsistencies-and-ensuring-data-integrity-for-a-toyota-dealership-management-firm/,22,10,0.3749999882812504,0.0932944603694039,12.703703233196176,0.5072886282586337,5.284396744581924,12.703703233196176,174,343,2.6501457648683795,3,8.157434378549754
Netclan20241026,https://insights.blackcoffer.com/transforming-and-managing-a-large-scale-sql-pedigree-database-to-neo4j-graph-db/,56,21,0.4545454486422669,0.07446808503436354,10.339999896600002,0.49032881964184827,4.33213148649674,10.339999896600002,507,1034,2.616054156077317,0,7.933268851128366
Netclan20241027,https://insights.blackcoffer.com/enhancing-model-accuracy-from-58-to-over-90-strategies-for-improving-predictive-performance/,17,6,0.4782608487712674,0.08778625920692268,11.90909036776862,0.4961832042130412,4.962109428792665,11.90909036776862,130,262,2.7061068599003555,0,8.137404549093876
Netclan20241028,https://insights.blackcoffer.com/securing-sensitive-financial-data-with-privacy-preserving-machine-learning-for-predictive-analytics/,26,2,0.8571428265306134,0.07368421033240997,14.61538405325446,0.5421052617313019,6.0629957259943055,14.61538405325446,206,380,2.7842105189889197,5,8.439473662001385
Netclan20241029,https://insights.blackcoffer.com/enhancing-data-collection-for-research-institutions-addressing-survey-fatigue-and-incorporating-verbal-communication-for-richer-insights/,19,4,0.6521738846880919,0.1084905655259879,11.777777123456826,0.4433962243236027,4.888469339112172,11.777777123456826,94,212,2.641509421502314,3,8.71226410984781
Netclan20241030,https://insights.blackcoffer.com/analyzing-the-impact-of-positive-emotions-and-pandemic-severity-on-mental-health-and-resilience-among-entrepreneurs-insights-and-predictive-modeling/,12,4,0.4999999687500019,0.0737327185542271,14.466665702222286,0.5115207349699505,5.991274574876895,14.466665702222286,111,217,2.7188939966871244,4,8.603686596296376
Netclan20241031,https://insights.blackcoffer.com/dynamic-brand-centric-dashboard-for-automotive-dealerships-pdf-to-financial-insights-with-flask-react-architecture-and-aws-cloud-hosting/,58,16,0.5675675598977357,0.09414758257742038,11.90909072865014,0.4478371495574591,4.94277115128304,11.90909072865014,352,786,2.5699745514376913,9,8.030534340928073
Netclan20241032,https://insights.blackcoffer.com/cloud-based-data-modeling-and-analysis-platform-with-drag-and-drop-interface-and-openai-api-integration-for-simulation-insights/,6,0,0.9999998333333611,0.03550295836980498,12.071427709183736,0.39644970179615563,4.987150964391957,12.071427709183736,67,169,2.467455606701446,0,7.763313563530689
Netclan20241033,https://insights.blackcoffer.com/voter-profile-analysis-and-search-application-for-targeted-campaign-engagement-using-government-voter-data/,39,6,0.7333333170370374,0.09336099565692739,13.38888851697532,0.5165975093016649,5.562194410510794,13.38888851697532,249,482,2.688796674919509,12,8.180497908339216
Netclan20241034,https://insights.blackcoffer.com/bert-based-classification-of-individuals-and-organizations-into-two-categories-using-natural-language-processing/,5,3,0.24999996875000394,0.07766990215854463,10.299998970000104,0.3980582485625413,4.279222887425059,10.299998970000104,41,103,2.553398033462155,2,8.281553317654822
Netclan20241035,https://insights.blackcoffer.com/comprehensive-analysis-of-solana-and-ethereum-contributors-using-github-api-with-comparative-study-of-1000-random-github-profiles/,12,4,0.4999999687500019,0.07547169775720898,15.142856061224569,0.49056603542185834,6.253368838658571,15.142856061224569,104,212,2.8207547036756853,2,8.551886752113742
Netclan20241036,https://insights.blackcoffer.com/powerbi-rest-api-fetching-dataflow-and-refresh-schedules-with-semantic-models/,19,6,0.5199999792000009,0.1288659787171857,12.124999242187547,0.422680410192369,5.019071860951967,12.124999242187547,82,194,2.546391739451589,1,7.706185527287704
Netclan20241037,https://insights.blackcoffer.com/automated-job-data-import-and-management-solution-for-enhanced-efficiency/,8,0,0.9999998750000157,0.054794520172640276,12.166665652777864,0.35616438112216176,5.00913201356001,12.166665652777864,52,146,2.397260257553012,1,7.472602688543818
Netclan20241038,https://insights.blackcoffer.com/data-analytics-and-optimization-solution-for-enhancing-renewable-energy-efficiency/,9,1,0.7999999200000081,0.06211180085644844,13.416665548611205,0.49689440685158753,5.565423982185117,13.416665548611205,80,161,2.7018633372555074,1,8.242235973650708
Netclan20241039,https://insights.blackcoffer.com/time-series-analysis-and-trend-forecasting-solution-for-predicting-news-trends/,10,1,0.8181817438016598,0.07142857096474954,12.833332263888979,0.38311688062911115,5.286579657807236,12.833332263888979,59,154,2.435064919252825,1,7.857142806122449
Netclan20241040,https://insights.blackcoffer.com/advanced-data-visualization-solutions-for-monitoring-key-business-metrics-with-integrated-interactive-dashboards/,14,0,0.9999999285714337,0.09271523117407132,12.58333228472231,0.4238410567957546,5.202869336607226,12.58333228472231,64,151,2.589403956361563,1,8.304635706591817
Netclan20241041,https://insights.blackcoffer.com/advanced-patient-data-analysis-solution-for-trend-identification-and-improved-healthcare-outcome/,15,1,0.8749999453125034,0.10322580578563996,12.916665590277868,0.3935483845577524,5.324085589934248,12.916665590277868,61,155,2.587096757502602,1,8.348387042913632
Netclan20241042,https://insights.blackcoffer.com/anomaly-detection-and-analysis-for-enhanced-data-integrity-and-user-experience-on-bright-datas-website/,10,7,0.17647057785467188,0.10429447788776394,13.583332201388984,0.4478527579886334,5.612473983751047,13.583332201388984,73,163,2.613496916481614,1,7.950920196620122
Netclan20241043,https://insights.blackcoffer.com/building-custom-tflite-models-and-benchmarking-on-voxl2-chips/,9,0,0.9999998888889013,0.060402684158371245,12.416665631944532,0.38926174235394806,5.122370949719393,12.416665631944532,58,149,2.4429530037385705,1,8.255033501644071
Netclan20241044,https://insights.blackcoffer.com/sports-prediction-model-for-multiple-sports-leagues/,17,0,0.999999941176474,0.06390977419582791,16.624998960937564,0.387218043657075,6.804886801837856,16.624998960937564,103,266,2.3834586376561706,0,7.66917290349935
Netclan20241045,https://insights.blackcoffer.com/efficient-coach-allocation-system-for-sports-coaching-organization/,12,4,0.4999999687500019,0.07511737053935506,11.833332675925961,0.35680751006193656,4.876056074395159,11.833332675925961,76,213,2.3849765146245234,3,7.835680714386475
Netclan20241046,https://insights.blackcoffer.com/data-studio-dashboard-with-a-data-pipeline-tool-synced-with-podio-using-custom-webhooks-and-google-cloud-function-2/,21,4,0.679999972800001,0.07692307668639053,10.48387062955256,0.35384615275739645,4.335086712923983,10.48387062955256,115,325,2.390769223413018,0,7.627692284222485
Netclan20241047,https://insights.blackcoffer.com/ai-driven-backend-for-audio-to-text-conversion-and-analytical-assessment-in-pharmaceutical-practice/,8,2,0.599999940000006,0.045871559422607525,10.899999455000026,0.3853210991499032,4.5141282216599725,10.899999455000026,84,218,2.4954128325898495,1,7.600917396326067
Netclan20241048,https://insights.blackcoffer.com/cloud-based-web-application-for-financial-data-processing-and-visualization-of-sp-500-metrics/,46,13,0.5593220244182708,0.13082039882301463,14.548386627471398,0.4345897994798452,5.993190570780498,14.548386627471398,196,451,2.6319290407274303,4,8.177383573886068
Netclan20241049,https://insights.blackcoffer.com/department-wise-kpi-tracking-dashboard-with-technician-performance-analysis-for-atoz-dependable-service/,14,2,0.7499999531250029,0.04244031818981348,12.56666624777779,0.28381962789437765,5.140194350268867,12.56666624777779,107,377,2.2387267845126613,0,7.254641890571242
Netclan20241050,https://insights.blackcoffer.com/steps-to-convert-a-node-js-api-to-python-for-aws-lambda-deployment/,19,5,0.5833333090277788,0.1148325353357295,12.294116923875475,0.38755980675808704,5.072670692253425,12.294116923875475,81,209,2.5119617104690826,0,8.028708095556421
Netclan20241051,https://insights.blackcoffer.com/building-an-analytics-dashboard-with-a-pdf-parsing-pipeline-for-data-extraction/,29,24,0.0943396208615166,0.060710194661271255,8.314285635102042,0.359679266483758,3.46958596063432,8.314285635102042,314,873,2.365406641047644,0,7.523482236513766
Netclan20241052,https://insights.blackcoffer.com/building-a-real-time-log-file-visualization-dashboard-in-kibana/,14,19,-0.15151514692378343,0.07517084265336937,10.974999725625008,0.37585421326684687,4.540341575556742,10.974999725625008,165,439,2.350797261159915,1,7.309794971959465
Netclan20241053,https://insights.blackcoffer.com/analyzing-the-impact-of-female-ceo-appointments-on-company-stock-prices/,17,6,0.4782608487712674,0.050438596380617116,9.499999802083337,0.5043859638061712,4.001754306355804,9.499999802083337,230,456,2.6425438538540704,6,8.124999982182018
Netclan20241054,https://insights.blackcoffer.com/ai-chatbot-using-llm-langchain-llama/,11,1,0.8333332638888947,0.06030150723466579,14.214284698979665,0.36683416901088356,5.83244754719622,14.214284698979665,73,199,2.351758782151966,1,7.482412022701447
Netclan20241055,https://insights.blackcoffer.com/healthcare-ai-chatbot-using-llama-llm-langchain/,16,3,0.684210490304711,0.04947916653781467,4.571428517006804,0.3776041656833225,1.9796130730760506,4.571428517006804,145,384,2.3072916606580947,29,7.4218749806722
Netclan20241056,https://insights.blackcoffer.com/ai-bot-audio-to-audio/,0,0,0.0,0.0,26.999973000027,0.37037035665294976,10.94813734267198,26.999973000027,10,27,2.6296295322359433,0,8.444444131687254
Netclan20241057,https://insights.blackcoffer.com/recommendation-engine-for-insurance-sector-to-expand-business-in-the-rural-area/,9,1,0.7999999200000081,0.05747126403752147,19.333331185185425,0.3678160898401374,7.880458910010225,19.333331185185425,64,174,2.3735632047496367,2,7.419540187244022
Netclan20241058,https://insights.blackcoffer.com/data-from-crm-via-zapier-to-google-sheets-dynamic-to-powerbi/,9,0,0.9999998888889013,0.08737863992836273,9.363635512396772,0.26213591978508816,3.8503085728727444,9.363635512396772,27,103,2.067961144971251,3,6.699029061174476
Netclan20241059,https://insights.blackcoffer.com/data-warehouse-to-google-data-studio-looker-dashboard/,4,0,0.9999997500000625,0.03174603149407912,11.454544413223235,0.2619047598261527,4.686579669219756,11.454544413223235,33,126,2.15873014159738,8,7.1746031176618805
Netclan20241060,https://insights.blackcoffer.com/crm-monday-com-via-zapier-to-power-bi-dashboard/,11,3,0.5714285306122479,0.08860759437590131,6.869564918714569,0.22151898593975325,2.836433561861729,6.869564918714569,35,158,1.9873417595737863,15,6.398734136716873
Netclan20241061,https://insights.blackcoffer.com/monday-com-to-kpi-dashboard-to-manage-view-and-generate-insights-from-the-crm-data/,15,6,0.4285714081632663,0.11475409773358416,7.038461267751489,0.3442622932007525,2.953089424380897,7.038461267751489,63,183,2.065573759204515,5,6.759562804592553
Netclan20241062,https://insights.blackcoffer.com/data-management-for-a-political-saas-application/,4,3,0.1428571224489825,0.03783783763330899,8.40909052685952,0.3351351333235939,3.4976902640732455,8.40909052685952,62,185,2.2432432311176043,2,7.335135095485756
Netclan20241063,https://insights.blackcoffer.com/google-lsa-ads-google-local-service-ads-etl-tools-and-dashboards/,4,0,0.9999997500000625,0.03149606274412549,14.111109543210052,0.29921259606919215,5.764128855711698,14.111109543210052,38,127,2.157480297972596,0,7.251968446834894
Netclan20241064,https://insights.blackcoffer.com/ad-networks-marketing-campaign-data-dashboard-in-looker-google-data-studio/,3,0,0.9999996666667778,0.05357142761479594,27.999986000007,0.30357142315051033,11.321422969263004,27.999986000007,17,56,2.2678571023596947,1,7.357142725765309
Netclan20241065,https://insights.blackcoffer.com/analytical-solution-for-a-tech-firm/,4,2,0.33333327777778704,0.12765957175192402,9.399998120000376,0.31914892937981004,3.8876588197520747,9.399998120000376,15,47,2.3191488868266195,1,7.702127495699416
Netclan20241066,https://insights.blackcoffer.com/ai-solution-for-a-technology-information-and-internet-firm/,4,0,0.9999997500000625,0.06779660902039646,14.74999631250092,0.37288134961218056,6.0491510648452405,14.74999631250092,22,59,2.355932163458777,1,7.338982926457917
Netclan20241067,https://insights.blackcoffer.com/ai-and-nlp-based-solutions-to-automate-data-discovery-for-venture-capital-and-private-equity-principals/,6,1,0.7142856122449125,0.05982905931770035,14.62499817187523,0.4358974321718168,6.0243582416188195,14.62499817187523,51,117,2.384615364234057,1,7.461538397764629
Netclan20241068,https://insights.blackcoffer.com/an-etl-solution-for-an-internet-publishing-firm/,10,0,0.99999990000001,0.07042253471533426,10.1428564183674,0.2746478853898036,4.167001721502881,10.1428564183674,39,142,2.147887308817695,10,6.528168968111486
Netclan20241069,https://insights.blackcoffer.com/ai-based-algorithmic-trading-bot-for-forex/,3,1,0.49999987500003124,0.06153846059171599,10.833331527778078,0.30769230295857997,4.456409532294663,10.833331527778078,20,65,2.353846117633137,0,7.323076810414203
Netclan20241070,https://insights.blackcoffer.com/equity-waterfalls-model-based-saas-application-for-real-estate-sector/,3,1,0.49999987500003124,0.025974025805363468,7.699999615000019,0.3636363612750886,3.2254543905100435,7.699999615000019,56,154,2.259740245066622,7,7.363636315820544
Netclan20241071,https://insights.blackcoffer.com/ai-solutions-for-foreign-exchange-an-automated-algo-trading-tool/,8,2,0.599999940000006,0.053475935542909435,14.384614278106595,0.3529411745832023,5.89502218107592,14.384614278106595,66,187,2.197860950813578,3,7.267379640281392
Netclan20241072,https://insights.blackcoffer.com/ai-agent-development-and-deployment-in-jina-ai/,10,6,0.24999998437500096,0.15841584001568476,14.428569367347233,0.3564356400352907,5.914002002953009,14.428569367347233,36,101,2.4059405702382124,3,7.504950420743065
Netclan20241073,https://insights.blackcoffer.com/golden-record-a-knowledge-graph-database-approach-to-unfold-discovery-using-neo4j/,10,3,0.5384614970414233,0.08387096720083247,11.071427780612302,0.3096774173569199,4.5524420791876885,11.071427780612302,48,155,2.1419354700520294,11,7.1612902763787725
Netclan20241074,https://insights.blackcoffer.com/advanced-ai-for-trading-automation/,9,3,0.4999999583333368,0.06217616548095251,8.77272687396696,0.3316062158984134,3.641733235946149,8.77272687396696,64,193,2.23834195731429,9,7.19170980729684
Netclan20241075,https://insights.blackcoffer.com/create-a-knowledge-graph-to-provide-real-time-analytics-recommendations-and-a-single-source-of-truth/,4,3,0.1428571224489825,0.08749999890625001,7.99999920000008,0.34999999562500006,3.3399996782500327,7.99999920000008,28,80,2.3874999701562505,0,7.612499904843752
Netclan20241076,https://insights.blackcoffer.com/advanced-ai-for-thermal-person-detection/,3,0,0.9999996666667778,0.06521738988657848,9.199998160000368,0.3043478194706996,3.801738391788427,9.199998160000368,14,46,2.369565165879018,2,7.45652157703214
Netclan20241077,https://insights.blackcoffer.com/advanced-ai-for-road-cam-threat-detection/,3,2,0.199999960000008,0.08928571269132657,11.199997760000448,0.3928571358418369,4.6371419583369144,11.199997760000448,22,56,2.517857097895409,1,7.767857004145411
Netclan20241078,https://insights.blackcoffer.com/advanced-ai-for-pedestrian-crossing-safety/,5,3,0.24999996875000394,0.12903225598335072,8.857141591836916,0.403225799947971,3.7041469567139553,8.857141591836916,25,62,2.5483870556711765,3,7.935483742976069
Netclan20241079,https://insights.blackcoffer.com/handgun-detection-using-yolo/,3,0,0.9999996666667778,0.05555555452674899,10.799997840000431,0.35185184533607694,4.460739874134603,10.799997840000431,19,54,2.4999999537037048,2,7.888888742798357
Netclan20241080,https://insights.blackcoffer.com/using-graph-technology-to-create-single-customer-view/,4,7,-0.2727272479338866,0.12790697525689565,8.599999140000087,0.4302325531368308,3.612092677254767,8.599999140000087,37,86,2.523255784613305,4,7.767441770146026
Netclan20241081,https://insights.blackcoffer.com/car-detection-in-satellite-images/,9,0,0.9999998888889013,0.06382978678134903,8.294117159169579,0.29078013978170114,3.433958919580512,8.294117159169579,41,141,2.184397147628389,7,7.205673707761179
Netclan20241082,https://insights.blackcoffer.com/building-a-physics-informed-neural-network-for-circuit-evaluation/,10,3,0.5384614970414233,0.07303370745486681,9.368420559556812,0.3539325822812776,3.888941256735236,9.368420559556812,63,178,2.3539325710453225,11,7.511235912858226
Netclan20241083,https://insights.blackcoffer.com/connecting-mongodb-database-to-power-bi-dashboard-dashboard-automation/,6,3,0.33333329629630043,0.04864864838568298,10.882352301038098,0.2864864849379109,4.467535514390404,10.882352301038098,53,185,2.167567555850986,10,6.875675638509861
Netclan20241084,https://insights.blackcoffer.com/data-transformation/,20,12,0.24999999218750027,0.1379310338882283,9.666666263888905,0.24568965411340665,3.964942367200925,9.666666263888905,57,232,2.094827577177467,10,6.547413764881838
Netclan20241085,https://insights.blackcoffer.com/e-commerce-store-analysis-purchase-behavior-ad-spend-conversion-traffic-etc/,7,1,0.7499999062500118,0.04278074843432755,9.842104745152382,0.2994652390402928,4.05662799367707,9.842104745152382,56,187,2.090909079727759,13,7.064171085218336
Netclan20241086,https://insights.blackcoffer.com/kpi-dashboard-for-accountants/,9,0,0.9999998888889013,0.05732484039920484,14.27272597520673,0.318471335551138,5.836478924303147,14.27272597520673,50,157,2.0828025345044425,5,7.235668743721855
Netclan20241087,https://insights.blackcoffer.com/return-on-advertising-spend-dashboard-marketing-automation-and-analytics-using-etl-and-dashboard/,24,4,0.7142856887755111,0.06682577549683585,12.32352904930797,0.3747016697501154,5.079292287623234,12.32352904930797,157,419,2.3508353165851186,6,7.415274445309608
Netclan20241088,https://insights.blackcoffer.com/ranking-customer-behaviours-for-business-strategy/,4,1,0.599999880000024,0.046728971525897466,26.749993312501672,0.2897196234605643,10.815885174384896,26.749993312501672,31,107,2.327102781989694,1,7.3271027352607225
Netclan20241089,https://insights.blackcoffer.com/algorithmic-trading-for-multiple-commodities-markets-like-forex-metals-energy-etc/,5,0,0.99999980000004,0.028901733936984197,11.533332564444496,0.3641618476060009,4.758997764820199,11.533332564444496,63,173,2.312138714958736,0,7.306358339269605
Netclan20241090,https://insights.blackcoffer.com/trading-bot-for-forex/,2,1,0.33333322222225925,0.0769230749506904,38.999961000039,0.3076922998027616,15.723061319936704,38.999961000039,12,39,2.2307691735700215,0,7.0256408454963895
Netclan20241091,https://insights.blackcoffer.com/python-model-for-the-analysis-of-sector-specific-stock-etfs-for-investment-purposes%ef%bf%bc/,7,2,0.5555554938271674,0.06521739083175804,10.615383798816632,0.3333333309178744,4.379486851893803,10.615383798816632,46,138,2.2681159255933627,3,7.289855019638732
Netclan20241092,https://insights.blackcoffer.com/medical-classification/,4,2,0.33333327777778704,0.04109589012948021,12.166665652777864,0.2671232858416213,4.973515575447795,12.166665652777864,39,146,2.1232876566898105,4,6.917808171795834
Netclan20241093,https://insights.blackcoffer.com/design-develop-bert-question-answering-model-explanations-with-visualization/,1,0,0.9999990000010001,0.016949152255099114,19.666660111113295,0.3559321973570814,8.00903692338815,19.666660111113295,21,59,2.4237287724791736,1,7.813559189600692
Netclan20241094,https://insights.blackcoffer.com/design-and-develop-solution-to-anomaly-detection-classification-problems/,2,5,-0.4285713673469475,0.07608695569470701,10.22222108641988,0.3913043435727789,4.245410171997064,10.22222108641988,36,92,2.499999972826087,4,7.358695572188092
Netclan20241095,https://insights.blackcoffer.com/an-etl-solution-for-currency-data-to-google-big-query/,1,0,0.9999990000010001,0.00826446274161601,10.083332493055627,0.19834710579878426,4.112671839541765,10.083332493055627,24,121,1.9421487442797625,10,6.396694162010792
Netclan20241096,https://insights.blackcoffer.com/etl-and-mlops-infrastructure-for-blockchain-analytics/,2,0,0.99999950000025,0.012820512738330047,22.285711102041272,0.3012820493507561,9.034797260556813,22.285711102041272,47,156,2.1410256273011177,-1,6.7628204694691
Netclan20241097,https://insights.blackcoffer.com/an-agent-based-model-of-a-virtual-power-plant-vpp/,2,0,0.99999950000025,0.06249999804687507,10.666663111112296,0.4062499873046879,4.429165239366794,10.666663111112296,13,32,2.4374999238281276,-1,7.499999765625008
Netclan20241098,https://insights.blackcoffer.com/transform-api-into-sdk-library-and-widget/,8,1,0.7777776913580343,0.10588235169550175,21.249994687501328,0.34117646657439454,8.63646846163029,21.249994687501328,29,85,2.4588235004844297,0,7.7999999082352955
Netclan20241099,https://insights.blackcoffer.com/integration-of-a-product-to-a-cloud-based-crm-platform/,5,5,0.0,0.06993006944104847,8.411764211072693,0.2797202777641939,3.476593795534755,8.411764211072693,40,143,2.2447552290576556,1,7.433566381583452
Netclan20241100,https://insights.blackcoffer.com/a-web-based-dashboard-for-the-filtered-data-retrieval-of-land-records/,10,2,0.6666666111111158,0.07100591673960996,12.999999000000077,0.24260354886033403,5.297041019544165,12.999999000000077,41,169,2.1065088632750957,-1,6.98816563912328
Netclan20241101,https://insights.blackcoffer.com/integration-of-video-conferencing-data-to-the-existing-web-app/,1,0,0.9999990000010001,0.008196721244289171,15.24999809375024,0.27049180106154264,6.208195957924713,15.24999809375024,33,122,2.262295063423811,-1,7.188524531241602
Netclan20241102,https://insights.blackcoffer.com/design-develop-an-app-in-retool-which-shows-the-progress-of-the-added-video/,2,0,0.99999950000025,0.04255319058397467,23.499988250005874,0.2978723340878227,9.51914423363748,23.499988250005874,14,47,2.148936124490721,1,6.46808496876415
Netclan20241103,https://insights.blackcoffer.com/auvik-connectwise-integration-in-grafana/,2,1,0.33333322222225925,0.032608695297731576,9.199999080000092,0.3260869529773157,3.810434413190963,9.199999080000092,30,92,2.380434756734405,-1,7.413043397684311
Netclan20241104,https://insights.blackcoffer.com/data-integration-and-big-data-performance-using-elk-stack/,3,1,0.49999987500003124,0.03053435091195152,10.076922301775209,0.35114503548744247,4.171226934905061,10.076922301775209,46,131,2.229007616572461,1,7.38167933296428
Netclan20241105,https://insights.blackcoffer.com/web-data-connector/,1,0,0.9999990000010001,0.01052631567867036,8.636362851239742,0.23157894493074796,3.547176718468196,8.636362851239742,22,95,2.063157873019391,1,6.70526308731302
Netclan20241106,https://insights.blackcoffer.com/an-app-for-updating-the-email-id-of-the-user-and-stripe-refund-tool-using-retool/,6,1,0.7142856122449125,0.10144927389203952,34.49998275000862,0.14492753413148501,13.857964113656042,34.49998275000862,10,69,1.9275362039487507,2,6.507246282503678
Netclan20241107,https://insights.blackcoffer.com/an-ai-ml-based-web-application-that-detects-the-correctness-of-text-in-a-given-video/,1,5,-0.6666665555555741,0.060606059993878185,32.999989000003666,0.22222221997755334,13.288884487992489,32.999989000003666,22,99,1.9595959398020613,1,6.686868619324559
Netclan20241108,https://insights.blackcoffer.com/website-tracking-and-insights-using-google-analytics-google-tag-manager/,14,2,0.7499999531250029,0.041994750545945536,12.290322184183156,0.3569553796405371,5.058911025529477,12.290322184183156,136,381,2.2309711227533566,2,7.10498685799216
Netclan20241109,https://insights.blackcoffer.com/dashboard-to-track-the-analytics-of-the-website-using-google-analytics-and-google-tag-manager/,15,1,0.8749999453125034,0.040100250526064536,12.090908724517918,0.3208020042085163,4.964684291490574,12.090908724517918,128,399,2.1979949819599125,1,7.062656623903116
Netclan20241110,https://insights.blackcoffer.com/power-bi-dashboard-on-operations-transactions-and-marketing-embedding-the-dashboard-to-web-app/,1,0,0.9999990000010001,0.033333332222222255,9.999996666667776,0.33333332222222256,4.1333319955559995,9.999996666667776,10,30,2.333333255555558,-1,7.399999753333342
Netclan20241111,https://insights.blackcoffer.com/nft-data-automation-looksrare-and-etl-tool/,4,2,0.33333327777778704,0.051282050843743154,8.357142260204125,0.22222222032288702,3.431745792210805,8.357142260204125,26,117,2.0598290422236833,2,6.7264956690043105
Netclan20241112,https://insights.blackcoffer.com/optimize-the-data-scraper-program-to-easily-accommodate-large-files-and-solve-oom-errors/,4,2,0.33333327777778704,0.08219177969600303,10.428569938775723,0.3013698588853444,4.291975919064427,10.428569938775723,22,73,2.17808216194408,2,7.082191683805593
Netclan20241113,https://insights.blackcoffer.com/making-a-robust-way-to-sync-data-from-airtables-to-mongodb-using-python-etl-solution/,2,4,-0.33333327777778704,0.04651162754642149,11.727271661157122,0.18604651018568596,4.765327268537123,11.727271661157122,24,129,1.9534883569497028,0,6.620154987440659
Netclan20241114,https://insights.blackcoffer.com/incident-duration-prediction-infrastructure-and-real-estate/,1,1,0.0,0.019801980001960595,11.222220975308781,0.366336630036271,4.635423042138021,11.222220975308781,37,101,2.366336610234291,4,7.3762375507303215
Netclan20241115,https://insights.blackcoffer.com/statistical-data-analysis-of-reinforced-concrete/,6,1,0.7142856122449125,0.042168674444767025,12.769229786982326,0.3734939736536508,5.257089504254391,12.769229786982326,62,166,2.45180721414574,4,7.759036097837132
Netclan20241116,https://insights.blackcoffer.com/database-normalization-segmentation-with-google-data-studio-dashboard-insights/,1,0,0.9999990000010001,0.0099999999,7.142856632653098,0.2599999974,2.9611426520212394,7.142856632653098,26,100,2.1499999785000004,7,6.8399999316
Netclan20241117,https://insights.blackcoffer.com/power-bi-dashboard-to-drive-insights-from-complex-data-to-generate-business-insights/,4,2,0.33333327777778704,0.04411764673442907,9.066666062222263,0.2573529392841696,3.729607600602573,9.066666062222263,35,136,2.0588235142733566,7,6.529411716695503
Netclan20241118,https://insights.blackcoffer.com/real-time-dashboard-to-monitor-infrastructure-activity-and-machines/,1,1,0.0,0.0392156855055748,10.199997960000408,0.21568627028066137,4.166273692112428,10.199997960000408,11,51,2.1960783883121886,2,7.3137253467897
Netclan20241119,https://insights.blackcoffer.com/electric-vehicles-ev-load-management-system-to-forecast-energy-demand/,3,2,0.199999960000008,0.03649635009856679,11.416665715277858,0.306569340827961,4.689294022442328,11.416665715277858,42,137,2.3211678662688477,6,6.905109438648837
Netclan20241120,https://insights.blackcoffer.com/power-bi-data-driven-map-dashboard/,1,0,0.9999990000010001,0.09999999000000101,9.999990000010001,0.599999940000006,4.2399959760040025,9.999990000010001,6,10,3.1999996800000323,-1,9.299999070000094
Netclan20241121,https://insights.blackcoffer.com/google-local-service-ads-lsa-leads-dashboard/,15,2,0.7647058373702448,0.05964912259772238,9.499999683333344,0.29122806915358573,3.9164911009947723,9.499999683333344,83,285,2.1052631505078487,2,6.796491204222838
Netclan20241122,https://insights.blackcoffer.com/aws-lex-voice-and-chatbot/,6,0,0.9999998333333611,0.0389610387080452,10.266665982222268,0.20129869999156688,4.187185872885534,10.266665982222268,31,154,1.9220779095968967,4,6.071428532003711
Netclan20241123,https://insights.blackcoffer.com/metabridges-api-decentraland-integration/,1,0,0.9999990000010001,0.006410256369165024,10.399999306666713,0.275641023874096,4.270256132216324,10.399999306666713,43,156,2.0769230636094678,-1,6.570512778394149
Netclan20241124,https://insights.blackcoffer.com/microsoft-azure-chatbot-with-luis-language-understanding/,5,0,0.99999980000004,0.07352941068339103,11.33333144444476,0.3235294070069205,4.662744340580672,11.33333144444476,22,68,2.323529377595156,-1,6.867646957828722
Netclan20241125,https://insights.blackcoffer.com/impact-of-news-media-and-press-on-innovation-startups-and-investments/,6,4,0.19999998000000202,0.07407407352537723,7.105262783933537,0.20740740587105624,2.9250680759218377,7.105262783933537,28,135,2.0296296145953363,8,6.437036989355282
Netclan20241126,https://insights.blackcoffer.com/aws-quicksight-reporting-dashboard/,6,3,0.33333329629630043,0.060402684158371245,14.89999851000015,0.23489932728255486,6.053959134913082,14.89999851000015,35,149,1.986577167875321,5,6.449664386243863
Netclan20241127,https://insights.blackcoffer.com/google-data-studio-dashboard-for-marketing-ads-and-traction-data/,5,0,0.99999980000004,0.02222222212345679,14.062499121093804,0.21777777680987656,5.712110759161472,14.062499121093804,49,225,1.9333333247407407,8,6.448888860227161
Netclan20241128,https://insights.blackcoffer.com/gangala-in-e-commerce-big-data-etl-elt-solution-and-data-warehouse/,6,1,0.7142856122449125,0.060344827065992875,9.666665861111179,0.2499999978448276,3.966666343582403,9.666665861111179,29,116,2.034482741082045,7,6.620689598097504
Netclan20241129,https://insights.blackcoffer.com/big-data-solution-to-an-online-multivendor-marketplace-ecommerce-business/,15,0,0.9999999333333378,0.10135135066654492,18.49999768750029,0.27027026844411983,7.508107182377763,18.49999768750029,40,148,2.1148648505752377,4,6.763513467814098
Netclan20241130,https://insights.blackcoffer.com/creating-a-custom-report-and-dashboard-using-the-data-got-from-atera-api/,1,0,0.9999990000010001,0.033333332222222255,9.999996666667776,0.33333332222222256,4.1333319955559995,9.999996666667776,10,30,2.333333255555558,1,7.333333088888897
Netclan20241131,https://insights.blackcoffer.com/azure-data-lake-and-power-bi-dashboard/,6,2,0.4999999375000079,0.08988763943946473,8.89999911000009,0.38202246761772507,3.7128086310471264,8.89999911000009,34,89,2.584269633884611,0,8.325842603080421
Netclan20241132,https://insights.blackcoffer.com/google-data-studio-pipeline-with-gcp-mysql/,1,0,0.9999990000010001,0.015624999755859379,15.999996000001,0.15624999755859378,6.462498399023838,15.999996000001,10,64,1.9687499692382817,1,6.765624894287111
Netclan20241133,https://insights.blackcoffer.com/quickbooks-dashboard-to-find-patterns-in-finance-sales-and-forecasts/,8,0,0.9999998750000157,0.048780487507436056,14.909089553719133,0.2987804859830458,6.083148015880872,14.909089553719133,49,164,2.3048780347263533,1,7.658536538667461
Netclan20241134,https://insights.blackcoffer.com/marketing-sales-and-financial-data-business-dashboard-wink-report/,1,0,0.9999990000010001,0.00793650787351978,8.399999440000038,0.2777777755731923,3.471110886229292,8.399999440000038,35,126,2.182539665217939,3,7.071428515306123
Netclan20241135,https://insights.blackcoffer.com/react-native-apps-in-the-development-portfolio/,0,0,0.0,0.0,12.999987000013,0.5384614970414233,5.41537939882177,12.999987000013,7,13,6.999999461538503,1,26.84615178106525
Netclan20241136,https://insights.blackcoffer.com/a-leading-firm-website-seo-optimization/,2,0,0.99999950000025,0.0392156855055748,8.49999858333357,0.33333332679738575,3.533332764052382,8.49999858333357,17,51,2.3333332875817003,-1,7.666666516339872
Netclan20241137,https://insights.blackcoffer.com/a-leading-hospitality-firm-in-the-usa-website-seo-optimization/,4,0,0.9999997500000625,0.07142857015306125,9.333331777778037,0.3928571358418369,3.8904755654479497,9.333331777778037,22,56,2.2678571023596947,-1,7.535714151147962
Netclan20241138,https://insights.blackcoffer.com/a-leading-firm-in-the-usa-website-seo-optimization/,2,2,0.0,0.11111110802469146,17.9999910000045,0.33333332407407434,7.33332972963143,17.9999910000045,12,36,2.444444376543212,-1,7.999999777777784
Netclan20241139,https://insights.blackcoffer.com/a-leading-musical-instrumental-website-seo-optimization/,2,3,-0.199999960000008,0.119047616213152,5.999999142857265,0.3333333253968256,2.5333329873016366,5.999999142857265,14,42,2.333333277777779,-1,7.476190298185946
Netclan20241140,https://insights.blackcoffer.com/a-leading-firm-in-the-usa-seo-and-website-optimization/,2,1,0.33333322222225925,0.08108107888970058,6.16666563888906,0.24324323666910172,2.563963550223265,6.16666563888906,9,37,2.108108051132215,-1,7.2972971000730515
Netclan20241141,https://insights.blackcoffer.com/immigration-datawarehouse-ai-based-recommendations/,8,0,0.9999998750000157,0.06015037548759116,9.49999932142862,0.25563909582226246,3.902255366900353,9.49999932142862,34,133,2.1203007359375885,7,6.977443556560575
Netclan20241142,https://insights.blackcoffer.com/lipsync-automation-for-celebrities-and-influencers/,1,0,0.9999990000010001,0.015151514921946744,9.428570081632845,0.21212120890725442,3.85627651621604,9.428570081632845,14,66,2.1060605741505976,4,6.666666565656567
Netclan20241143,https://insights.blackcoffer.com/key-audit-matters-predictive-modeling/,3,8,-0.4545454132231443,0.052631578695542684,14.928570362244974,0.3014354052562899,6.092002307000506,14.928570362244974,63,209,2.2392344390467254,2,6.822966474531261
Netclan20241144,https://insights.blackcoffer.com/splitting-of-songs-into-its-vocals-and-instrumental/,8,2,0.599999940000006,0.1020408152852978,10.88888767901248,0.30612244585589343,4.47800404994735,10.88888767901248,30,98,2.285714262390671,0,7.285714211370263
Netclan20241145,https://insights.blackcoffer.com/ai-and-ml-technologies-to-evaluate-learning-assessments/,12,2,0.7142856632653098,0.08235294069204152,9.444443919753114,0.3411764685813149,3.914248155333772,9.444443919753114,58,170,2.4235293975086507,11,7.447058779723184
Netclan20241146,https://insights.blackcoffer.com/datawarehouse-and-recommendations-engine-for-airbnb/,8,2,0.599999940000006,0.07751937924403582,10.749999104166742,0.29457364112733614,4.417829098117632,10.749999104166742,38,129,2.2480619980770387,6,7.054263511207259
Netclan20241147,https://insights.blackcoffer.com/real-estate-data-warehouse/,4,0,0.9999997500000625,0.027777777584876547,10.28571355102046,0.31944444222608026,4.2420631972986165,10.28571355102046,46,144,2.2847222063560957,1,7.2777777272376545
Netclan20241148,https://insights.blackcoffer.com/traction-dashboards-of-marketing-campaigns-and-posts/,3,1,0.49999987500003124,0.029629629410150893,10.384614585798879,0.3111111088065844,4.278290277842185,10.384614585798879,42,135,2.199999983703704,7,6.992592540795611
Netclan20241149,https://insights.blackcoffer.com/google-local-service-ads-lsa-data-warehouse/,2,0,0.99999950000025,0.026666666311111118,10.714284183673687,0.37333332835555566,4.435047004811697,10.714284183673687,28,75,2.253333303288889,-1,6.69333324408889
Netclan20241150,https://insights.blackcoffer.com/google-local-service-ads-missed-calls-and-messages-automation-tool/,2,1,0.33333322222225925,0.04109588984800151,18.24999543750114,0.20547944924000755,7.382189954696461,18.24999543750114,15,73,2.041095862450742,-1,6.561643745730908
Netclan20241151,https://insights.blackcoffer.com/marketing-ads-leads-call-status-data-tool-to-bigquery/,3,0,0.9999996666667778,0.044776118734684796,11.166664805555865,0.41791044152372475,4.633830098831836,11.166664805555865,28,67,2.5074626491423486,-1,7.298507353753622
Netclan20241152,https://insights.blackcoffer.com/marketing-analytics-to-automate-leads-call-status-and-reporting/,3,0,0.9999996666667778,0.04545454476584023,10.999998166666971,0.33333332828282836,4.53333259797992,10.999998166666971,22,66,2.318181783057852,-1,6.9090908044077155
Netclan20241153,https://insights.blackcoffer.com/callrail-analytics-leads-report-alert/,2,0,0.99999950000025,0.028985506826297004,9.857141448979792,0.36231883532871256,4.087784113723402,9.857141448979792,25,69,2.434782573408948,-1,7.217391199747954
Netclan20241154,https://insights.blackcoffer.com/marketing-automation-tool-to-notify-lead-details-to-clients-over-email-and-phone/,1,0,0.9999990000010001,0.017857142538265314,13.999996500000874,0.32142856568877565,5.72857002627586,13.999996500000874,18,56,2.2678571023596947,-1,6.696428451849492
Netclan20241155,https://insights.blackcoffer.com/data-etl-local-service-ads-leads-to-bigquery/,2,0,0.99999950000025,0.035087718682671604,11.399997720000457,0.3859649055093876,4.714385050203938,11.399997720000457,22,57,2.4561403077870123,-1,6.999999877192985
Netclan20241156,https://insights.blackcoffer.com/marbles-stimulation-using-python/,2,1,0.33333322222225925,0.041666666087962975,6.545453950413278,0.2916666626157408,2.734848245211608,6.545453950413278,21,72,2.0555555270061734,1,6.541666575810186
Netclan20241157,https://insights.blackcoffer.com/stocktwits-data-structurization/,10,9,0.05263157617728546,0.03983228503179814,9.937499792968755,0.2557651986252302,4.077305996637594,9.937499792968755,122,477,2.09014674614225,5,6.77358489145999
Netclan20241158,https://insights.blackcoffer.com/sentimental-analysis-on-shareholder-letter-of-companies/,9,5,0.2857142653061239,0.056680161713845496,11.761904201814085,0.4291497958334016,4.876421599058995,11.761904201814085,106,247,2.502024281368323,2,7.485829929207166
Netclan20241159,https://insights.blackcoffer.com/population-and-community-survey-of-america/,11,8,0.15789472853185638,0.04103671697400277,13.617646658304512,0.3412526990469704,5.583559742940594,13.617646658304512,158,463,2.2742980512434166,2,6.941684650233943
Netclan20241160,https://insights.blackcoffer.com/google-lsa-api-data-automation-and-dashboarding/,18,17,0.028571427755102068,0.04729729723338203,11.56249981933594,0.316216215788897,4.751486414049935,11.56249981933594,234,740,2.25270269965851,6,6.970270260850986
Netclan20241161,https://insights.blackcoffer.com/healthcare-data-analysis/,5,6,-0.09090908264462885,0.12790697525689565,7.818181107438082,0.24418604367225533,3.2249468604441347,7.818181107438082,21,86,2.139534858842618,10,6.813953409140077
Netclan20241162,https://insights.blackcoffer.com/budget-sales-kpi-dashboard-using-power-bi/,0,0,0.0,0.0,7.9999920000080005,0.7499999062500118,3.499996762503205,7.9999920000080005,6,8,4.499999437500071,0,13.37499832812521
Netclan20241163,https://insights.blackcoffer.com/amazon-buy-bot-an-automation-ai-tool-to-auto-checkouts/,2,0,0.99999950000025,0.0392156855055748,7.2857132448981075,0.33333332679738575,3.0476186286781974,7.2857132448981075,17,51,2.2352940738177636,0,6.8823528062283765
